{
  "topology": [
    [ 0, 1, 4, 9, 1, 2, 5, 10, 4, 5, 8, 13, 9, 10, 13, 18 ],
    [ 1, 0, 1, 4, 2, 1, 2, 5, 5, 4, 5, 8, 10, 9, 10, 13 ],
    [ 4, 1, 0, 1, 5, 2, 1, 2, 8, 5, 4, 5, 13, 10, 9, 10 ],
    [ 9, 4, 1, 0, 10, 5, 2, 1, 13, 8, 5, 4, 18, 13, 10, 9 ],
    [ 1, 2, 5, 10, 0, 1, 4, 9, 1, 2, 5, 10, 4, 5, 8, 13 ],
    [ 2, 1, 2, 5, 1, 0, 1, 4, 2, 1, 2, 5, 5, 4, 5, 8 ],
    [ 5, 2, 1, 2, 4, 1, 0, 1, 5, 2, 1, 2, 8, 5, 4, 5 ],
    [ 10, 5, 2, 1, 9, 4, 1, 0, 10, 5, 2, 1, 13, 8, 5, 4 ],
    [ 4, 5, 8, 13, 1, 2, 5, 10, 0, 1, 4, 9, 1, 2, 5, 10 ],
    [ 5, 4, 5, 8, 2, 1, 2, 5, 1, 0, 1, 4, 2, 1, 2, 5 ],
    [ 8, 5, 4, 5, 5, 2, 1, 2, 4, 1, 0, 1, 5, 2, 1, 2 ],
    [ 13, 8, 5, 4, 10, 5, 2, 1, 9, 4, 1, 0, 10, 5, 2, 1 ],
    [ 9, 10, 13, 18, 4, 5, 8, 13, 1, 2, 5, 10, 0, 1, 4, 9 ],
    [ 10, 9, 10, 13, 5, 4, 5, 8, 2, 1, 2, 5, 1, 0, 1, 4 ],
    [ 13, 10, 9, 10, 8, 5, 4, 5, 5, 2, 1, 2, 4, 1, 0, 1 ],
    [ 18, 13, 10, 9, 13, 8, 5, 4, 10, 5, 2, 1, 9, 4, 1, 0 ]
  ],
  "projection": [
    [ 0.0, 0.0 ],
    [ 0.75, -1.0605 ],
    [ 1.5, -2.121 ],
    [ 2.25, -3.1814999999999998 ],
    [ 1.5, 0.0 ],
    [ 2.25, -1.0605 ],
    [ 3.0, -2.121 ],
    [ 3.75, -3.1814999999999998 ],
    [ 3.0, 0.0 ],
    [ 3.75, -1.0605 ],
    [ 4.5, -2.121 ],
    [ 5.25, -3.1814999999999998 ],
    [ 4.5, 0.0 ],
    [ 5.25, -1.0605 ],
    [ 6.0, -2.121 ],
    [ 6.75, -3.1814999999999998 ]
  ]
}
